file_name,strategy,splits,backtracks,clauses,variables,givens,unit_rule,pure_rule,execution_time
cnf/sudoku/top870.sdk.txt/100.txt,DLIS,844,842,12011,729,23,1687,1687,18.185272216796875
cnf/sudoku/top870.sdk.txt/100.txt,RDLIS,88,83,12011,729,23,172,172,4.5026280879974365
cnf/sudoku/top870.sdk.txt/100.txt,RDLIS,47,42,12011,729,23,90,90,3.470396041870117
cnf/sudoku/top870.sdk.txt/100.txt,DLIS,1400,1397,12011,729,23,2798,2798,27.723753929138184
cnf/sudoku/top870.sdk.txt/100.txt,RDLIS,81,78,12011,729,23,160,160,4.7874650955200195
cnf/sudoku/top870.sdk.txt/100.txt,Grab First,54,51,12011,729,23,106,106,3.8189809322357178
cnf/sudoku/top870.sdk.txt/100.txt,Grab First,5,2,12011,729,23,8,8,2.13535475730896
cnf/sudoku/top870.sdk.txt/100.txt,Grab First,42,38,12011,729,23,81,81,3.225330114364624
cnf/sudoku/top870.sdk.txt/100.txt,Grab First,44,40,12011,729,23,85,85,3.2949960231781006
